publishedAt,view_count,comment_count,title,video_id
2025-04-20T18:48:01Z,145,0,#NMIXX #엔믹스 #KYUJIN Focus - #poppop NCT WISH Dance Challenge #shorts,cUYhhgpM7kk
2025-04-20T15:00:19Z,2874,8,NCT WISH &#39;SAKUYA&#39; 사인중인 사쿠야 (엔시티 위시) 직캠 | &#39;poppop&#39; Fansign Event • 250420,2Ap2Hk6Mt2I
2025-04-20T14:48:07Z,728,0,너를 위해 천 마리의 학을 접어…🦋 NCT WISH(엔시티 위시) - 1000 cover #NCT WISH #1000 #cover  #음악 #피아노 #노래커버 #kpop,1KityVGwAr8
2025-04-20T14:13:57Z,300076,185,다정의 의인화 #nctwish #재희,9dQuyvb_1xs
2025-04-20T13:48:34Z,13742,5,NCT WISH Sakuya rapping gomenasai / sorry in Japanese when encountering ghost #nctwish #sakuya #사쿠야,1MOFAOcU4Cg
2025-04-20T13:10:31Z,17011,58,NCT WISH - poppop (Line Distribution + Lyrics Karaoke) PATREON REQUESTED,0dwH1rXgmgU
2025-04-20T12:33:24Z,4595,2,“poppop”￼ 掛け声(응원법) カナルビ / NCT WISH,PILGC2tX_T8
2025-04-20T11:00:07Z,391132,1758,[SUB] EP.43-2 NCT WISH | 춤이라면 자신 있습니다🙋‍♂️준비된 신입 엔위시! 밥도 poppop 잘 먹어요| 돌박이일 NCT WISH 신입사원의 조건 2탄[4K],KeOMF7KEg4Q
2025-04-20T10:00:57Z,584029,94,NCT WISH 청량 신곡 &#39;poppop&#39; 하이라이트 | 릴레이댄스,_lTRMp0iTb8
2025-04-20T09:56:41Z,90283,70,𝗣𝗹𝗮𝘆𝗹𝗶𝘀𝘁 네가 웃는게 좋아💓 엔시티 위시 NCT WISH 전곡 플레이리스트,OViNh3MMSMg
2025-04-20T09:00:20Z,614,0,💃 네 앞에만 서면 왜 이리 뚝딱거릴까 | NCT WISH (엔시티 위시) - Silly Dance (실리 댄스) [가사/해석/ENG/Lyrics],G9tIkt-Q1Rs
2025-04-20T09:00:02Z,254432,694,[릴레이댄스] NCT WISH(엔시티 위시) - poppop (4K),aHfgcvACETc
2025-04-20T08:00:03Z,25893,132,[안방1열 직캠4K] 엔시티 위시 리쿠 &#39;poppop&#39; (NCT WISH RIKU FanCam) @SBS Inkigayo 250420,1gA_30xd9Gc
2025-04-20T08:00:00Z,38631,118,[안방1열 직캠4K] 엔시티 위시 유우시 &#39;poppop&#39; (NCT WISH YUSHI FanCam) @SBS Inkigayo 250420,-jYn_eRnx1Y
2025-04-20T08:00:24Z,18298,91,[안방1열 직캠4K] 엔시티 위시 시온 &#39;poppop&#39; (NCT WISH SION FanCam) @SBS Inkigayo 250420,RFcUPWCwXro
2025-04-20T08:00:58Z,8554,111,[안방1열 직캠4K] 엔시티 위시 재희 &#39;poppop&#39; (NCT WISH JAEHEE FanCam) @SBS Inkigayo 250420,rJV44fPheVI
2025-04-20T08:00:13Z,14344,59,[안방1열 직캠4K] 엔시티 위시 사쿠야 &#39;poppop&#39; (NCT WISH SAKUYA FanCam) @SBS Inkigayo 250420,Fd2J2-VQT7w
2025-04-20T07:27:47Z,141620,356,NCT WISH - Intro + poppop | SBS 250420 방송,jaLc7WngW-U
2025-04-20T05:18:19Z,2955,0,NCT WISH - Design【日本語字幕/かなるび/パート分け】,NjLKLS6cE0M
2025-04-20T04:00:44Z,82629,23,[𝐊𝐏𝐎𝐏 𝐩𝐥𝐚𝐲𝐥𝐢𝐬𝐭] P☆P P☆P! 청량한 NCT WISH 노래 모음 ✮⋆˙🫧,c_a5ZzJxGoI
2025-04-20T04:01:44Z,289987,195,Come on #YUSHI #RYO #NCTWISH,NYz9ak9p3uo
2025-04-20T01:49:39Z,15871,2,NCT Mark 1999 with NCT Wish 💚❤️ #nct #mark,TW2j2rFdMgI
2025-04-19T16:38:59Z,2446,3,ウシリク、ラブラブすぎ【NCT WISH／ユウシ／リク／日本語字幕／日本語訳／팅글썰롱】,EcHxDp9Mc6Y
2025-04-19T15:43:45Z,726,0,NCT WISH【Silly Dance】日本語訳 | カナルビ | ROM | FMV,6lizAADMkaU
2025-04-19T13:31:02Z,1282013,719,아무도 믿지마 #SION #SAKUYA #NCTWISH,JBoeqILUX0k
2025-04-19T13:01:31Z,214041,488,REACTION to 🫧’poppop’🍋 MVㅣNCT WISH Reaction,nkRUPUSczzU
2025-04-19T12:00:06Z,632995,1766,[SUB] &quot;여러분 믿으면 안 돼요 vs 저는 진실을 얘기했어요&quot; 엔시티 위시의 폭로전(?) | 아이돌 인간극장,rTZmmk5NHGU
2025-04-19T11:42:39Z,1945597,617,1999 #힙레 w/ #NCTWISH #MARK #마크#1999 #MARK_1999 #NCT #NCT127 #NCTDREAM,0QJT_kWEvRE
2025-04-19T10:30:17Z,2954,0,엔시티 위시(NCT WISH) - poppop 하이라이트 안무,ZGHY1ugtlAU
2025-04-19T10:01:13Z,64141,71,[Vlocap] NCT WISH - &#39;poppop&#39; 현장 스케치 필름 | MOVE TO PERFORMANCE Behind,pOpJGcCpuW8
2025-04-19T09:28:21Z,598,0,(THAISUB) Silly Dance - NCT WISH (엔시티 위시),BGHzAg6jto8
2025-04-19T08:32:57Z,923,1,【poppop】 NCT WISH 応援法 掛け声 응원법,y6CgSPkGazU
2025-04-19T08:13:53Z,41201,209,[#음중직캠] NCT WISH YUSHI (엔시티 위시 유우시) – poppop FanCam | 쇼! 음악중심 | MBC250419,5EFp0EG4pJE
2025-04-19T08:15:06Z,18094,85,[#음중직캠] NCT WISH SAKUYA (엔시티 위시 사쿠야) – poppop FanCam | 쇼! 음악중심 | MBC250419,vscF3GRbrsM
2025-04-19T08:14:49Z,7418,75,[#음중직캠] NCT WISH RYO (엔시티 위시 료) – poppop FanCam | 쇼! 음악중심 | MBC250419,YlHyvEKEoag
2025-04-19T08:12:37Z,54022,90,[#음중풀캠8K] NCT WISH (엔시티 위시) – poppop FullCam | 쇼! 음악중심 | MBC250419,nPnvS33cPW8
2025-04-19T08:13:07Z,30198,183,[#음중직캠] NCT WISH SION (엔시티 위시 시온) – poppop FanCam | 쇼! 음악중심 | MBC250419,7YyU-aKijGo
2025-04-19T08:13:24Z,14657,87,[#음중직캠] NCT WISH RIKU (엔시티 위시 리쿠) – poppop FanCam | 쇼! 음악중심 | MBC250419,jexjQK0kk2M
2025-04-19T08:09:20Z,2637,0,[NCT WISH]🩷팝팝 위츄ver. 앨범구매🩷#shorts #nctwish #시온 #리쿠 #유우시 #재희 #료 #사쿠야 #위시 #wish #위츄 #wichu #poppop #팝츄,hgGet9JBnjc
2025-04-19T07:24:18Z,217800,539,NCT WISH (엔시티 위시) - poppop | Show! MusicCore | MBC250419방송,7TCaf5gRGyU
2025-04-19T07:02:19Z,326,0,NCT WISH - Songbird 2025.04.19 (Part 2),ENLNiL3viXY
2025-04-19T07:00:02Z,7895,0,Reaksi Pendengar Musik Korea ke NCT Wish Ternyata...,2slyI62pE0Q
2025-04-19T03:01:05Z,9908,40,[입덕직캠] 엔시티 위시 사쿠야 직캠 4K &#39;poppop&#39; (NCT WISH SAKUYA FanCam) | @MCOUNTDOWN_2025.4.17,rUbcz1K3xZo
2025-04-19T03:01:07Z,18040,225,[입덕직캠] 엔시티 위시 재희 직캠 4K &#39;poppop&#39; (NCT WISH JAEHEE FanCam) | @MCOUNTDOWN_2025.4.17,zKtIkqA5OU0
2025-04-19T03:00:27Z,1909,12,Video K-Talk: Merayakan Comeback &#39;poppop&#39; Bareng NCT WISH (ENG/INA SUB),RAvgCt9rEdU
2025-04-19T03:00:22Z,5916,72,[입덕직캠] 엔시티 위시 료 직캠 4K &#39;poppop&#39; (NCT WISH RYO FanCam) | @MCOUNTDOWN_2025.4.17,Lri8sZ-vFIs
2025-04-19T03:00:32Z,100749,465,[Replay] NCT WISH &#39;poppop&#39; Countdown Live,Lm5mb5UgucI
2025-04-19T03:00:02Z,70324,294,[입덕직캠] 엔시티 위시 유우시 직캠 4K &#39;poppop&#39; (NCT WISH YUSHI FanCam) | @MCOUNTDOWN_2025.4.17,1Zew9kiuMko
2025-04-19T03:00:03Z,26317,137,[입덕직캠] 엔시티 위시 시온 직캠 4K &#39;poppop&#39; (NCT WISH SION FanCam) | @MCOUNTDOWN_2025.4.17,1DJzxJEMYN0
2025-04-19T01:16:13Z,41279,17,[Playlist] 엔시티위시 플레이리스트 | NCT WISH: 주인공은 너와 나야,pi06pte-hSM
2025-04-18T22:59:19Z,465,0,#127 NCT WISH  &#39;poppop&#39; |  💓 #nctwish_poppop #nctwish #yushi #sakuya #poppop #nct #shorts,AmwO3MKrw78
2025-04-18T15:30:07Z,9555,40,NCT WISH - poppop and Melt Inside My Pocket! HONEST Review!,99Gg3LSOsJo
2025-04-18T13:31:26Z,1205,2,NCT WISH (엔시티 위시) - Silly Dance (Color Coded Lyrics HAN|ROM|INDO),lp06n6sjeu0
2025-04-18T13:31:07Z,1055,0,NCT WISH (엔시티 위시) - Still 3PM (Color Coded Lyrics HAN|ROM|INDO),yYrpdQ3ienA
2025-04-18T13:08:00Z,93506,35,NCT WISH - &#39;poppop&#39; Dance Practice [MIRRORED],0IyjM8mk_q0
2025-04-18T13:00:06Z,526436,2058,[팅글썰롱] ASMR로 듣는 &#39;엔시티 위시 리쿠&amp;유우시가 친해진 계기는?&#39; | NCT WISH 리쿠&amp;유우시 편 (ENG/JPN),9bU8cr0phOs
2025-04-18T12:35:01Z,18946,105,[얼빡직캠 4K] 엔시티 위시 시온 &#39;poppop&#39; (NCT WISH SION Facecam) @뮤직뱅크(Music Bank) 250418,Up1uqjnWi1o
2025-04-18T12:35:00Z,23313,96,[얼빡직캠 4K] 엔시티 위시 사쿠야 &#39;poppop&#39; (NCT WISH SAKUYA Facecam) @뮤직뱅크(Music Bank) 250418,HG8zHB4VxVY
2025-04-18T12:02:40Z,751837,24,NCT WISHにTREASURE‼️韓国アイドルの日本人メンバーが使うハンボノが面白すぎる🤣,bwbgRODmmpQ
2025-04-18T12:01:55Z,8812,121,[얼빡직캠 4K] 엔시티 위시 료 &#39;poppop&#39; (NCT WISH RYO Facecam) @뮤직뱅크(Music Bank) 250418,xoAr5nnQaQc
2025-04-18T12:01:26Z,12851,178,[얼빡직캠 4K] 엔시티 위시 재희 &#39;poppop&#39; (NCT WISH JAEHEE Facecam) @뮤직뱅크(Music Bank) 250418,qEAmCZH5cQA
2025-04-18T12:00:37Z,74291,281,[얼빡직캠 4K] 엔시티 위시 리쿠 &#39;poppop&#39; (NCT WISH RIKU Facecam) @뮤직뱅크(Music Bank) 250418,Kj9GrsRk-Ig
2025-04-18T11:57:41Z,14235,30,250417 NCT WISH의 CHAT WITH WISH Ep29 풀버전 한국어 번역본,kldiIkrdLqc
2025-04-18T11:50:05Z,28246,74,[K-Choreo 8K HDR] 엔시티위시 직캠 &#39;poppop&#39; (NCT WISH Choreography) 🎧공간음향.Ver @MusicBank 250418,PxuOd-QeXQE
2025-04-18T11:39:39Z,6386,1,poppop [NCT WISH] #dance tutorial,paljM59i134
2025-04-18T11:00:38Z,457009,875,NCT WISH 엔시티 위시 &#39;poppop&#39; Dance Practice,L0QIuPZL20M
2025-04-18T11:00:02Z,31285,31,(ENG) [OFF AIR] 팔방미인 리더부터 너무 깜찍한 막내까지 🫧NCT WISH🫧의 팝팝한 순간들을 모아왔zip💚 | 정오의 희망곡 김신영입니다 | MBC 250416 방송,1gL9omePahI
2025-04-18T10:48:03Z,48879,16,NCT WISH 엔시티 위시 - WISH (Korean ver.)  Stage Mix(교차편집) Special Edit.,49o1chugjhE
2025-04-18T10:40:00Z,2832,2,【NCT WISH】🫧WISHの可愛さがPOPPOPと弾けている🫧開封動画,7nlOCu_Mt4s
2025-04-18T10:30:24Z,27805,74,(ENG)[MusicBank Interview Cam] 엔시티위시 (NCT WISH Interview) l @MusicBank KBS 250418,O-ZtysXnDPU
2025-04-18T10:01:33Z,24989,23,[안무가 튜토리얼] NCT WISH 엔시티 위시 &#39;poppop&#39; Dance Tutorial with High Score,rIKt7WOh0_g
2025-04-18T09:50:58Z,7910,115,[K-Fancam] 엔시티 위시 재희 직캠 &#39;poppop&#39; (NCT WISH JAEHEE Facecam) @뮤직뱅크(Music Bank) 250418,Y4oixinHiIs
2025-04-18T09:49:59Z,7542,46,[K-Fancam] 엔시티 위시 사쿠야 직캠 &#39;poppop&#39; (NCT WISH SAKUYA Facecam) @뮤직뱅크(Music Bank) 250418,LUB_w3qPlVg
2025-04-18T09:50:34Z,27212,131,[K-Fancam] 엔시티 위시 유우시 직캠 &#39;poppop&#39; (NCT WISH YUSHI Facecam) @뮤직뱅크(Music Bank) 250418,nd4RrNEIjEU
2025-04-18T09:47:09Z,7605,104,[K-Fancam] 엔시티 위시 료 직캠 &#39;poppop&#39; (NCT WISH RYO Facecam) @뮤직뱅크(Music Bank) 250418,VSjfXbszBvo
2025-04-18T09:40:27Z,281611,357,poppop - NCT WISH (엔시티 위시) [뮤직뱅크/Music Bank] | KBS 250418 방송,Bw-ILM88raA
2025-04-18T09:31:20Z,228554,359,poppop - NCT WISH エヌシーティー ウィッシュ 엔시티 위시 [Music Bank] | KBS WORLD TV 250418,Gt8wq03rcf0
2025-04-18T09:00:28Z,5209,2,NCT WISH (엔시티 위시) - Melt Inside My pocket 🍫 피아노 건반 10개로 쉽게 연주하기 🎹 #피아노연주 #NCTWISH #MIMP #엔시티위시 #NCT,KXxKqm4qxdY
2025-04-18T08:43:59Z,20786,112,(Interview) Interview with NCT WISH [Music Bank] | KBS WORLD TV 250418,NeXf1xGVW-A
2025-04-18T08:00:53Z,39608,35,WISHちゃんが初めてのラジオ番組に出演したそうです【NCT WISH】,lAoGeyRqlkc
2025-04-18T07:42:16Z,5583,1,청량미 팝팝 터지는✨ NCT WISH,BFTcZpCtVsY
2025-04-18T07:06:11Z,333861,105,NCT WISH 타이틀곡 vs 수록곡 #shorts,cgy-WgVlYq8
2025-04-18T05:57:06Z,2710,1,[월클돌] NCT WISH 미션 도전! 성공 or 실패_ 웃음 폭발 챌린지,KqRgt5byAew
2025-04-18T04:30:15Z,2871,11,NCT WISH&#39;s SION best Leader,RiVcMmuOhAQ
2025-04-18T04:10:44Z,364716,257,poppop with #JOHNNY #MARK #RIKU #SAKUYA #NCTWISH #poppop #NCTWISH_poppop #NCT #NCT127 #NCTDREAM,BRGuV6pn4NU
2025-04-18T03:00:30Z,9077,121,[FOCUS ON FACE] NCT WISH JAEHEE(재희) &#39;poppop&#39; | MOVE TO PERFORMANCE (4K),xMfsVYlAKUs
2025-04-18T03:00:17Z,13959,80,[FOCUS ON FACE] NCT WISH SION(시온) &#39;poppop&#39; | MOVE TO PERFORMANCE (4K),7KrzRf2_JhM
2025-04-18T03:00:15Z,12106,79,[FOCUS ON FACE] NCT WISH SAKUYA(사쿠야) &#39;poppop&#39; | MOVE TO PERFORMANCE (4K),PbQozRDAD8w
2025-04-18T03:00:11Z,14844,95,[FOCUS ON FACE] NCT WISH RIKU(리쿠) &#39;poppop&#39; | MOVE TO PERFORMANCE (4K),_hSbgmMnEZU
2025-04-18T03:00:13Z,6148,82,[FOCUS ON FACE] NCT WISH RYO(료) &#39;poppop&#39; | MOVE TO PERFORMANCE (4K),b1IDr8JNV6U
2025-04-18T02:15:29Z,12,0,#nctwish #nct #wish #엔시티위시 #위시 #엔시티 #kpop #최애 #최애영상,68W4VpZrSus
2025-04-17T21:18:26Z,1934,0,NCT WISH &quot; poppop &quot; lyrics كلمات مترجمة للعربية واضحة مع شرح المعاني 💗,hLNgbyaJQsg
2025-04-17T20:32:12Z,9422,51,NCT WISH-Cherry Bomb (원곡: NCT127) #aicover,RmhYD5N-RyY
2025-04-17T19:47:22Z,1127,8,NCT WISH - Still 3PM (Traducida al Español),54uPy5ZYPyw
2025-04-17T16:46:45Z,1109,0,【掛け声 / 응원법】 NCT WISH (엔시티 위시) - &#39;poppop (팝팝)&#39; 音声有り,Pytm95hMvho
2025-04-17T15:00:22Z,206,1,[FREE] NCT WISH Inspired K-POP TYPE BEAT &quot;POP&quot; For New Group Boys,POr5nLLJcwQ
2025-04-17T14:38:15Z,1328,0,"⭐️NCT WISH - POPPOP WICHU ALBUM UNBOXING(WICHU YUSHI, RIKU PHOTOCARD)⭐️엔시티위시 팝팝 언박싱 #nctwish #poppop",XTl0Zi7PWQg
2025-04-17T14:19:36Z,569,0,[THAISUB] NCT WISH &#39;1000&#39;🫙 by #chlyzsub,8Gkgopv6bAw
2025-04-17T13:56:07Z,316846,115,poppop with #규진 #YUSHI #SAKUYA #NCTWISH #poppop #NCTWISH_poppop #NMIXX #엔믹스 #KYUJIN,naj5DDA38-I
2025-04-17T13:33:44Z,2012,1,NCT WISH - POPPOP | EASY LYRICS #nctwish #nct #poppop #kpop #kpopsongs #easylyrics #lirik,I_q3Z3zJrUY
2025-04-17T13:30:51Z,1560,0,[NCT WISH] 이 연프를 아는 사람들: 너무 재밌어 #유우시,mSCBY4ywdys
2025-04-17T12:42:53Z,881,7,NCT WISH - poppop (sped up),YceTsxP91J8
2025-04-17T12:37:53Z,26366,74,NCT WISH - 1000 (Color Coded Lyrics &amp; Line Distribution),j4UPINZh_Iw
2025-04-17T12:36:21Z,312786,201,Wait for the end #RIKU #YUSHI #JAEHEE #RYO #NCTWISH #poppop #NCTWISH_poppop,4sLlrgtJA8E
2025-04-17T12:17:31Z,286743,213,꩜ poppoppoppop ꩜ #NCTWISH #poppop #NCTWISH_poppop,izRx_Id_VDU
2025-04-17T11:56:53Z,30957,10,NCT WISH &#39;poppop&#39; Easy Lyrics,Q049p2RAyDY
2025-04-17T11:00:01Z,44270,242,2025 NCT WISH ASIA TOUR LOG in SEOUL Recap Video,095h8Pu0z3I
2025-04-17T10:48:46Z,821941,1125,&#39;최초 공개&#39; NCT WISH - poppop #엠카운트다운 EP.884 | Mnet 250417 방송,NgJCaXl1nPk
2025-04-17T10:21:41Z,59142,167,&#39;컴백 인터뷰&#39; NCT WISH (엔시티 위시) #엠카운트다운 EP.884 | Mnet 250417 방송,IsCiOXGttSA
2025-04-17T10:21:04Z,96991,320,[MPD직캠] 엔시티 위시 직캠 8K &#39;poppop&#39; (NCT WISH FanCam) | @MCOUNTDOWN_2025.4.17,HrhbUfNnIA4
2025-04-17T10:20:48Z,84524,530,[MPD직캠] 엔시티 위시 유우시 직캠 4K &#39;poppop&#39; (NCT WISH YUSHI FanCam) | @MCOUNTDOWN_2025.4.17,53z5EBlmpkg
2025-04-17T10:20:44Z,24832,167,[MPD직캠] 엔시티 위시 사쿠야 직캠 4K &#39;poppop&#39; (NCT WISH SAKUYA FanCam) | @MCOUNTDOWN_2025.4.17,W57GKddCmvs
2025-04-17T10:20:39Z,19811,288,[MPD직캠] 엔시티 위시 료 직캠 4K &#39;poppop&#39; (NCT WISH RYO FanCam) | @MCOUNTDOWN_2025.4.17,eUymCmBJl_U
2025-04-17T10:20:51Z,20227,288,[MPD직캠] 엔시티 위시 재희 직캠 4K &#39;poppop&#39; (NCT WISH JAEHEE FanCam) | @MCOUNTDOWN_2025.4.17,BwsULwkFXp8
2025-04-17T10:00:19Z,489830,1178,NCT WISH 사쿠야 &quot;키링 졸업식에 초대합니다&quot; #순간뽀짝세상에이런아이돌이,EGyjrqEzR7k
2025-04-17T09:28:00Z,120801,424,"리쿠 vs 유우시, 애교할 때 더 귀여운 사람은? | NCT WISH 리쿠&amp;유우시 팅글썰롱",S_LLLwWCwik
2025-04-17T09:15:10Z,1963,0,[Mirrored] poppop | NCT WISH | #Dance Cover #shorts,j7iW7k2Uoyk
2025-04-17T09:01:05Z,464804,49,member suju ketemu wishie &quot;putraku&quot; 🤭🤣 #superjunior #suju #NCTWISH #엔시티위시 #ryo #sakuya #yesung,JMul77e3V0k
2025-04-17T09:01:28Z,51802,554,[4K] 성장하는 남자 왕쿠냥🐈‍⬛이니까 왕크게보는 💗왕크왕캠💗 NCT WISH 리쿠(RIKU)✨,x_45MF_Gcz4
2025-04-17T09:00:08Z,6306,1,NCT WISH (엔시티 위시) - poppop 🥤 피아노 건반 6개로 쉽게 연주하기 🎹 #피아노연주 #NCTWISH #poppop #NCTWISH_poppop #nct,4u6h5iqyL20
2025-04-17T09:00:06Z,1124,3,"NCT WISH Playlist | jellyforyourwish, poppop!, 엔시티 위시 노래모음 전곡",KY4z3vWW6Nw
2025-04-17T08:30:31Z,14778,26,"다했네, 다했어 | 엔시티 위시 NCT WISH - poppop 리액션",g-5C5dNwtZ8
2025-04-17T08:30:36Z,45757,5,"다했네, 다했어 | 엔시티 위시 NCT WISH - poppop 리액션",rSL1G0sw8ks
2025-04-17T08:25:32Z,83,0,Baby #Sakuya did Blink &#39;#poppop&#39; NCT Wish Blink Challenge,GTNfRlBfxxs
2025-04-17T06:57:39Z,23046,25,[TJ노래방] poppop - NCT WISH / TJ Karaoke,zgqZgYVaWDI
2025-04-17T06:00:25Z,154,0,[𝟏𝐡𝐨𝐮𝐫 𝐥𝐨𝐨𝐩] 미소년들이 일냈다! | NCT WISH - poppop l 1시간 반복재생 | Lyrics 가사 포함,b5Ae7B_SG6k
2025-04-17T04:29:22Z,408091,319,🏫🌸🏫🌸#RIKU #YUSHI #JAEHEE #NCTWISH #poppop #NCTWISH_poppop #poppop프로덕션,XGBAr--fMuM
2025-04-17T02:00:44Z,89193,73,(KR/ENG) NCT WISH (엔시티 위시) 메시지가 도착했어요💌 [Original] SUMBAKKOKJIL(숨바꼭질),n4Agd-6kNpo
2025-04-17T01:33:06Z,747,3,nct wish ‘poppop’ | MV REACTION,1XGDVE3PpDc
2025-04-17T01:19:27Z,736,0,NCT WISH | 1000 | WISHZEN KARAOKE,FD53ae6IqMI
2025-04-17T00:56:01Z,1361,6,NCT WISH - Silly Dance (Traducida al Español),v3jWaNGbNMA
2025-04-16T23:27:52Z,13115,9,Unboxing NCT WISH - poppop album photobook ver.,kOODX9JksY4
2025-04-16T23:21:28Z,8346,3,Unboxing NCT WISH - poppop album jewel ver.,eFNwmHz-iBI
2025-04-16T18:32:09Z,5011,8,NCT WISH - 1000 (Traducida al Español),ZFtv3tPeTso
2025-04-16T17:55:03Z,19842,36,[NCT WISH 재희] 압박면접 받는 대영이 모음zip.,H4YcivzB3sQ
2025-04-16T17:30:36Z,19468,16,NCT WISH(엔시티 위시) - 1000 Lyrics [영어가사_한국어발음_한국어번역] [Color Coded_Han_Rom_Eng],x94mkbPhjrs
2025-04-16T17:05:21Z,234,0,NCT WISH &#39;POPPOP&#39; Sub Arabic - أغنية أنسيتي ويش فرقعة مترجمة للعربية مع النطق,KG280JlCWSw
2025-04-16T16:13:29Z,212,0,[Pronunciation Guide] poppop – NCT WISH (엔시티 위시) (tutorial/easy lyrics/pronounce/rom/han),CGvgKCiRz1M
2025-04-16T16:07:50Z,67,0,NCT WISH - POPPOP | EASY LYRICS,VhM7fmZrfpE
2025-04-16T15:35:07Z,683,0,ranking nct wish °poppop° album #nctwish #nct #poppop #czennie #nctzen #ranking #kpop #aesncywow,YA0UcIDJhqM
2025-04-16T15:03:48Z,1424,1,NCT WISH(엔시티 위시) - Design Lyrics [영어가사_한국어발음_한국어번역] [Color Coded_Han_Rom_Eng],lzCqL3qeHJo
2025-04-16T15:00:53Z,167149,45,눈만 맞춰도 달아 NCT WISH is so sweet🍭 | MOVE TO PERFORMANCE | NCT WISH &#39;poppop&#39;,RBWd-rBKajA
2025-04-16T15:00:06Z,1376643,1123,[MOVE TO PERFORMANCE] NCT WISH(엔시티 위시) - poppop (4K),f8sRbKyPnZE
2025-04-16T14:45:06Z,7782,3,【日本語字幕】Silly Dance - NCT WISH 日本語訳/和訳/パート分け/歌詞/가사/lyrics,mYJzFukGEmQ
2025-04-16T14:32:53Z,317,5,NCT WISH &quot;POPPOP&quot; DRUM COVER,BomUgW6_0CA
2025-04-16T13:38:33Z,18492,9,NCT WISH 1주년 MD 턴테이블 언방식 !!!,52bY3mK2s-0
2025-04-16T12:21:38Z,15894,14,NCT WISH [POPPOP] 앨범 전종 언박싱🫧 | 팝츄 버전🪽 포토북 버전✨ 쥬얼 케이스 유우시 리쿠 버전💎,Ddrgqlc63ps
2025-04-16T12:00:55Z,585,0,Melt Inside My Pocket - NCT WISH 【日本語字幕/パート分け/カナルビ/歌詞】,PsdfiKDxVHc
2025-04-16T12:01:43Z,870,0,NCT Wish Ekspektasi vs Realita😌,rCBbs5TCtqE
2025-04-16T11:01:00Z,20087,2,【NCT WISH】初日でハーフミリオン達成！第5世代トップと並ぶ日も近い！？音盤ミリオンも狙えそう！&#39;poppop&#39;#KPOP#サランピTV#NCTWISH,cvJuiJS_hMU
2025-04-16T11:01:15Z,19682,2,Why is this so fresh? NCT WISH &#39;Poppop&#39; MV is bursting with summer vibes! #kpop #nctwish #poppop,ipZOM4sl-Ok
2025-04-16T11:01:33Z,10237,0,「NCT WISH-poppop」韓国の反応まとめ！SM史上最優秀チーだね！ #shorts,u-JNltr6IkQ
2025-04-16T10:14:00Z,722,0,NCT WISH - poppop [Instrumental with Backing Vocals],RnaHr8xb8Nk
2025-04-16T10:03:10Z,1003,0,(THAISUB) 1000 - NCT WISH,69kE7S0-OqE
2025-04-16T09:50:01Z,60169,60,위시 미감 언제까지 좋을 거예요🥹..? 엔시티 위시 앨범깡 🫧 NCT WISH poppop Jewel Case Ver.,IDR3bwgFn94
2025-04-16T09:44:29Z,15027,4,[THAISUB] NCT WISH (엔시티 위시) - 1000,u1VA0vHUMb8
2025-04-16T09:10:35Z,8061,1,[UNBOXING] 엔시티 위시 poppop🫧🫧｜NCT WISH 2ND MINI ALBUM &#39;poppop&#39;｜#엔시티위시 #언박싱 #앨범깡 #NCTWISH,id2_jOIMstc
2025-04-16T09:00:30Z,2069,1,NCT WISH Opening in Manila,CvEIQmVBYRU
2025-04-16T06:16:04Z,152,0,Makna 6 Lagu NCT WISH di Mini Album poppop #nctwish #nctwish_wish #nctwish_steady #nct,MtEnsPFyN6k
2025-04-16T05:56:34Z,18224,21,[4K] 250415 YUSHI 유우시(fancam) 1000 | 엔시티위시 NCT WISH poppop in the bubble,_p6Cw5OKNKg
2025-04-16T05:47:45Z,535,0,[THAISUB] NCT WISH (엔시티 위시) - Design,_hpI6sy4ZS8
2025-04-16T05:01:06Z,92133,147,[FULL] 오늘만 여는 캔디 스토어 ✨NCT WISH✨가 팝팝 정희 터트리러 왔어요🍭💚 | 정오의 희망곡 김신영입니다 | MBC 250416 방송,S_bbiwNdyc0
2025-04-16T04:34:34Z,280,0,[153줌바스 아카데미 작사 참여] NCT WISH - 만약 네가 4시에 온다면 (Still 3PM),CpXUft9GZ5A
2025-04-16T04:00:21Z,619,0,NCT WISH (엔시티 위시) - Silly Dance (Easy Lyrics),LC52As-F0Gk
2025-04-16T03:09:18Z,50645,17,[ Playlist ] 신곡 포함 엔시티 위시 전곡 플레이리스트🌟ㅣWISHㅣAll Songs,fz8Alynh2mE
2025-04-16T03:08:13Z,40726,31,NCT WISH (엔시티 위시) - 1000 (Color Coded Lyrics HAN|ROM|INDO),B8fsTkCLokg
2025-04-16T02:35:54Z,4811,2,[UNBOXING] NCT WISH- [POPPOP] ALBUM UNBOXING,8DI7wYADQQw
2025-04-16T02:00:36Z,7580,7,[SUB INDO] NCT WISH - &quot;POPPOP&quot; LIRIK TERJEMAHAN,dnaynirXuzo
2025-04-16T01:52:33Z,1547,0,Face Card of NCT Wish #nctwish #kpop #nct127 #nctdream,0TGkx3ccjUk
2025-04-16T01:32:06Z,995,1,NCT WISH | POPPOP | WISHZEN KARAOKE,gFRsWNHrg6s
2025-04-16T00:47:50Z,1347,4,NCT WISH - Design (Traducida al Español),SeAu-hSwbKs
2025-04-15T20:00:35Z,158,7,Sing if you see your bias! NCT WISH poppop,hniw1XH1v6M
2025-04-15T18:14:57Z,617,4,[READ 📌] NCT WISH - 1000 (Line Distribution),5aR4_gWW3yc
2025-04-15T17:03:45Z,16263,51,NCT WISH - poppop (Color Coded Lyrics &amp; Line Distribution),ogx0WktltPA
2025-04-15T16:31:31Z,545,10,• Vietsub • NCT WISH &#39;poppop&#39; | Hawyn &amp; Hamilk,t2vG7cgp_Kk
2025-04-15T15:59:13Z,534,0,250415 엔시티위시-poppop | 팝팝 인 더 버블 comeback showcase stage 직캠,sftVA7dxXxI
2025-04-15T16:00:48Z,767,0,NCT WISH poppop NCTzen Check!,RGc84BQawbU
2025-04-15T15:50:26Z,43643,49,[4K] 250415 엔시티 위시 &#39;1000&#39; NCT WISH FanCam @poppop in the bubble 팝팝 쇼케이스 직캠,nVfwEgSFWDE
2025-04-15T15:20:17Z,10247,36,NCT WISH-View(원곡: SHINEE) #aicover,yS4prWhZbWA
2025-04-15T15:15:01Z,189,3,NCT WISH (엔시티위시) - poppop [TRADUÇÃO],AbPMMlY7gy8
2025-04-15T14:41:07Z,232,0,『poppop』 Opening | オープニング・テーマ | NCT WISH 엔시티 위시 「poppop」 #ryo #료 #nctwish,QOhID1I47II
2025-04-15T14:00:05Z,18524,104,"NCT Wish &#39;poppop&#39;, 82MAJOR &#39;Takeover&#39;, &amp;TEAM &#39;Go in Blind&#39;, KWON EUNBI &#39;Hello Stranger&#39; MV REACTION",_tyYB0GSxi4
2025-04-15T13:44:43Z,10008,28,NCT WISH (엔시티 위시) “POPPOP” MV | Lex and Kris,Q05k3l8FZvo
2025-04-15T13:25:26Z,423285,2373,『poppop』 Opening | オープニング・テーマ | NCT WISH 엔시티 위시 「poppop」,R81CJqvjsiQ
2025-04-15T13:00:14Z,242926,726,나밖에 모르던 절친이… 빌런이 되어 나타났다 ψ(ˆ◝ ·̫ ◜ˆ)ψ | 僕しか知らなかった親友が··· 悪党になって現れたψ | 🫧poppop 프로덕션🫧 EP.2,7Pj0B8CUeyc
2025-04-15T13:00:43Z,477,0,nct wish - poppop (slowed + reverb),RLUoTyrp1nc
2025-04-15T13:01:16Z,4576,0,「NCT WISH-poppop」韓国の反応まとめ！SM史上最優秀チーだね！,hJ9pz6Y0GCc
2025-04-15T12:51:40Z,5997,2,気持ちが溢れて止まらない 【Silly Dance】 NCT WISH 日本語和訳/和訳/意訳,WHOPIm8BsVw
2025-04-15T12:47:28Z,222,0,NCT WISH (엔시티 위시) &#39;poppop&#39; - 1분 뮤직 클로즈업,t6e8_Ugtj6E
2025-04-15T12:32:18Z,393390,238,poppop with #TEN #SION #NCTWISH #poppop #NCTWISH_poppop #텐 #WayV #威神V,cN_zUk6vqm8
2025-04-15T11:36:43Z,1071,0,[THAISUB] NCT WISH (엔시티 위시) - Melt Inside My Pocket,IWeYK8w7iXQ
2025-04-15T11:31:05Z,378669,128,🪥pop🧤pop📕pop🧢 #NCTWISH #poppop #NCTWISH_poppop,UroRQWY5K-k
2025-04-15T11:17:10Z,15112,28,250415 NCT WISH l poppop in the bubble 쇼케이스 l 1000,6Hyf6ckmLn0
2025-04-15T11:14:13Z,3035,3,[THAISUB] NCT WISH (엔시티 위시) - poppop,0WAdtwrPL6Y
2025-04-15T11:00:46Z,15186,0,ナムドルのキュートコンセプトでは一番かも？NCT WISHの可愛い姿たち　#kpop #nct #nctwish,S6l1pAjYZPQ
2025-04-15T10:09:00Z,110573,38,위시의 귀여운 고백송💘 | NCT WISH - 1000 [가사/해석/자막/lyrics],Gk30RnnEiAQ
2025-04-15T10:00:58Z,2780,0,占い【NCT WISH】恋多き男は？私にもチャンスがあるかも（笑）と期待させるのは誰？ホレっぽい人ランキング。シオン・ユウシ・リク・サクヤ・ジェヒ・リョウ【NCT ウイッシュ 】,W_gmaZHWsPY
2025-04-15T09:52:34Z,32662,9,キャリアハイ達成したNCT WISHの新曲🫧 #poppop,oY2o22b_zEo
2025-04-15T09:49:34Z,872,1,iklan sabun dettol | nct wish.,z7V_PzqRlik
2025-04-15T09:30:19Z,24726,2,NCT WISH運営センス良すぎる！アルバムが可愛すぎてこれはつい買っちゃう！？#韓国 #KPOP#サランピTV#NCTWISH,cJDK2F82SRU
2025-04-15T09:30:06Z,1543560,6544,나를 안달나게 하는 SM직속 후배? | EXO 카이&amp;NCT WISH 유우시 [셀폰KODE],HGqJ8zvH8l4
2025-04-15T09:01:22Z,2352,0,🍫꺼내지 못한 초콜릿 : NCT WISH - Melt Inside My Pocket [가사/해석/lyrics/ENG],xldg2t_QNZA
2025-04-15T09:00:24Z,1801,5,NCT WISH Photocard DIY 💚 Toploader Decor #shorts,AZVcL0G7L84
2025-04-15T08:46:53Z,98,0,NCT WISH RIKU (엔시티 위시 리쿠)- Sail Away Stage Mix(교차편집) #NCTWISH,YkmspEaMNo4
2025-04-15T07:41:01Z,691,0,𝑵𝑪𝑻 𝑾𝑰𝑺𝑯 - &#39;𝑷𝑶𝑷𝑷𝑶𝑷&#39; #nctwish #nctwishpoppop #엔시티위시 #shorts,zVfdDTf_OTg
2025-04-15T06:55:20Z,783,0,NCT WISH、インタビューで見せたフレッシュな魅力,-8QvWgiXr0A
2025-04-15T06:44:00Z,2088,0,NCT WISH 엔시티 위시 POPPOP MV 시온zip 솔로뮤비 SION,kE75On3_ZyA
2025-04-15T06:17:41Z,2939,2,Unboxing NCT WISH 1st Mini Album “STEADY”(Wichu’s Memory ver.) #unboxing #kpop #nct #nctwish #sakuya,dxq_arnYwao
2025-04-15T06:01:51Z,1303,0,nct wish #nctwish #유우시#yushi#weverselive #인급동 #2025,u73T_nHtjNM
2025-04-15T06:00:49Z,5346,3,NCT WISH (엔시티 위시) - 만약 네가 4시에 온다면 Still 3PM || color coded lyrics,Snvg7Awr2BY
2025-04-15T05:37:14Z,10480,6,NCT WISH 엔시티 위시 poppop Official Instrumental (WICHU Album),S2yHLaAhFAw
2025-04-15T05:34:14Z,3845,6,NCT WISH 엔시티 위시 Silly Dance Official Instrumental (WICHU Album),V2d-W-radJw
2025-04-15T05:34:56Z,7537,9,NCT WISH 엔시티 위시 1000 Official Instrumental (WICHU Album),3XbuMiue8W0
2025-04-15T03:47:47Z,1751,8,NCT WISH - Melt Inside My Pocket (Traducida al Español),pcYTiqqAKd8
2025-04-15T03:12:25Z,702,1,NCT WISH&#39;Poppop&#39; Lyrics (color coded lyrics),xTJqRCB6B9Y
2025-04-15T02:14:01Z,5898,7,"NCT WISH, No.1 Today!! Mini Album &#39;poppop&#39; Out Now!! #NCTWISH #poppop #JENNIE #HAEWON",beBcHQuV-vk
2025-04-15T02:00:21Z,5169,5,[SUB INDO] NCT WISH - &quot;MELT INSIDE MY POCKET&quot; LIRIK TERJEMAHAN,Whc4Xv8yfAw
2025-04-15T01:00:16Z,43699,22,NCT WISH &#39;1000&#39; Easy Lyrics,JrVN_WM0m8Q
2025-04-15T00:47:23Z,3535,15,NCT WISH - poppop (Traducida al Español),c6aNPa7sGPY
2025-04-15T00:08:29Z,1336,0,NCT WISH (엔시티 위시) - poppop,ezNxYpnIMyw
2025-04-15T00:01:00Z,4419,8,NCT WISH &#39;Melt Inside My Pocket&#39; Easy Lyrics,sQpjCgCKQg8
2025-04-14T18:57:53Z,3005,2,NCT WISH (엔시티 위시) - poppop 🥤🫧| Kpop Dance Cover 댄스 커버 by ELLO/Yuu #nctwish_poppop #nctwish #poppop,3vqOgYxku0I
2025-04-14T18:51:32Z,588,1,| NCT WISH PLAYLIST | 엔시티위시 플레이리스트,pLYnwO90vB4
2025-04-14T18:41:30Z,87192,33,NCT Wish (엔시티 위시) &#39;poppop&#39; (Color Coded Lyrics),RuCTeTMEtAk
2025-04-14T18:21:53Z,6950,0,【日本語字幕】1000 - NCT WISH 日本語訳/和訳/パート分け/歌詞/가사/lyrics,XX729CqAXEY
2025-04-14T17:47:46Z,3344,0,NCT WISH 엔시티 위시 &#39;poppop&#39; Official Audio,yaxgwLyN8AM
2025-04-14T16:58:23Z,21034,7,NCT WISH poppop 전곡 플리 낋여왔습니다 | playlist,P3QILWmPjb4
2025-04-14T16:30:47Z,8160,34,REACTING TO NCT WISH — POPPOP,Gdf0NYOdB0o
2025-04-14T16:11:18Z,2205,1,【만약 네가 4시에 온다면 Still 3PM】 NCT WISH 日本語和訳/意訳,jEA3KnammX8
2025-04-14T15:48:30Z,40785,8,もうウィシは日本現地化じゃない！K-POP第五世代トップグループだ！NCT WISH 予約注文121万枚で初動どうなる！？엔시티 위시 &#39;poppop&#39;,_MvmYyJaD58
2025-04-14T15:40:13Z,6498,6,MELT INSIDE MY POCKET NCT WISH #kpop #kpopterjemahan #nct #nctwish,EAh7qvHQqeY
2025-04-14T15:06:04Z,22856,15,【本音感想会】NCT WISH 엔시티 위시 &#39;poppop&#39; MV,-WGMBwO_fGs
2025-04-14T15:01:31Z,7024,3,[4K UNBOXING] NCT WISH (엔시티 위시) - 2nd MINI ALBUM [poppop] (Photobook Ver.),uHjR8_g6Y5I
2025-04-14T15:00:20Z,1722,0,nct wish - poppop (sped up + reverb),Jqo7BYlwHbw
2025-04-14T14:50:46Z,78457,93,[하이라이트] NCT WISH 이렇게 귀여워도 되나요..💚 매력이 ⭐팝팝⭐ 터지는 &#39;사쿠야 &amp; 시온&#39; 토크에 입덕 완😍 | 톡파원 25시 | JTBC 250414 방송,Sj42Finw0qs
2025-04-14T14:44:20Z,16578,7,〈和訳〉Still 3PM - NCT WISH “おいでよ僕の世界に”,7hqZ0aY83jM
2025-04-14T14:46:15Z,2072,0,POPPOP - NCT WISH【カナルビ|歌詞|和訳】,Nphlj9cMSKc
2025-04-14T14:36:28Z,23790,5,pop pop ／ NCT WISH(엔시티위시)【日本語訳／日本語字幕／かなるび／パート分け】,PBg8Fy0nwzk
2025-04-14T14:24:25Z,767,0,청량위시💦💧#NCT WISH &quot;poppop&quot;#Summer Vibe#Sped Up,qS4bmChBWjI
2025-04-14T13:54:09Z,6171,0,NCT WISH &#39; poppop &#39; FULL ALBUM PLAYLIST | CHINGULYRICS 💫,4yX01H38E08
2025-04-14T13:52:12Z,627,0,【4K中韓字幕】NCT WISH - poppop (中字MV),7amAVAYoq5U
2025-04-14T13:11:21Z,4508,1,NCT WISH🏖🏝💧💦 &quot;네가 4시에 온다면 Still 3PM&quot;#It Just Came out!!#kpop,KZoTK0qZiJk
2025-04-14T12:45:42Z,95376,12,NCT WISH на русском POPPOP рус саб,w8B9T7g6Ff8
2025-04-14T12:43:27Z,31040,4,NCT WISH (엔시티 위시) - PopPop (Color Coded Lyrics) Lyric (가사),CScAibO-jbw
2025-04-14T12:40:57Z,609,0,NCT WISH (엔시티 위시) - poppop [Official Audio],jbYYFZjbH2Q
2025-04-14T12:24:51Z,28542,11,1000 / nct wish 엔시티 위시 【日本語訳/カナルビ/歌詞/和訳/ lyrics /パート分け】,tfjnIIuyolw
2025-04-14T12:06:49Z,38879,8,〈和訳〉1000 - NCT WISH “不器用に思いを伝えるよ”,x_OrHJVpkIc
2025-04-14T12:04:25Z,38012,2,[NCT WISH]poppop-The 2nd mini album 전곡모음,3kPG69s78dg
2025-04-14T12:02:22Z,33157,11,[NCT WISH] 데이트해야되는데 세탁기 다 터져서 왔다구요;🫧💦 #nctwish #엔시티위시,01YBkguqpPI
2025-04-14T12:01:43Z,34954,20,NCT WISH 엔시티 위시 PLAYLIST 2025 l 엔시티 위시 노래모음 𝐍𝐂𝐓 𝐖𝐈𝐒𝐇 𝐏𝐥𝐚𝐲𝐥𝐢𝐬𝐭,RLOaihoUjzo
2025-04-14T11:49:42Z,145093,40,켄지+청량 필살기로중독성 넘치게 돌아온 NCT WISH &#39;poppop&#39;,3exPL5rJA30
2025-04-14T11:36:38Z,4786,0,Melt Inside My Pocket - NCT WISH 【歌詞動画/カナルビ/日本語字幕/日本語訳】　MIMP,dObPXARo-ic
2025-04-14T11:30:29Z,800,2,"네 정말 먹기만 했어요..🍚목포 먹방 여행 | Nct wish 맛집 투어 | 목포 현지인 맛집, 카페 | 풍자 또간집",jzDcdquGfAA
2025-04-14T11:30:35Z,9139,35,honest Ranking the NCT WISH EP &quot;poppop&quot; | #poppop #NCTWISH #NCT #kpop #ranking #1000 #Design,ZZ0fO1Y9JV4
2025-04-14T11:22:56Z,1702,0,【4K】NCT WISH - Melt Inside My Pocket  Dance Mirror,qKo7DXB1qN8
2025-04-14T11:00:29Z,151014,156,[Original] 심장이 쪽덕쪽덕해질 것 같아ヾ(((;ꈡ▱ꈡ;)))ﾉ SUMBAKKOKJIL(숨바꼭질) NCT WISH (엔시티 위시)편 선공개 | 2025.04.18 공개,Nbyj0iXSJok
2025-04-14T11:01:36Z,287563,386,(선공개) [SUMBAKKOKJIL] NCT WISH(엔시티 위시)편 I 코레 무서워야😧 위시를 계속 따라다녔던 술래👻 I Mnet Plus 4/18 6PM 공개,zDlR0cGEJRk
2025-04-14T11:01:13Z,336,0,엔시티 위시(NCT WISH) - poppop,iycih050OjY
2025-04-14T10:32:10Z,49033,20,Hands Up부터 poppop까지! NCT WISH 전곡 모음🌟 | NCT WISH Playlist • 엔시티위시 플레이리스트,7NaZXfEoXVU
2025-04-14T10:19:31Z,16374,3,NCT WISH - poppop✨️ #nctwish #nctwish_poppop #sion #riku #yushi #jaehee #ryo #sakuya,2GefzU5gIJ4
2025-04-14T10:09:21Z,7668,14,NCT WISH (엔시티 위시) - &#39;’Design&#39;&#39; Lyrics 가사 [日本語字幕] (Color_Coded_HAN_ROM_ENG),FYX-QV1XVrI
2025-04-14T10:09:05Z,7070,1,[1 HOUR LOOP PLAYLIST] NCT WISH (엔시티 위시) - 1000,R0WtOcIwYK8
2025-04-14T10:08:48Z,6457,5,NCT WISH - poppop (Clean Instrumental/100%),-Q3RnYvts8Y
2025-04-14T10:06:47Z,1719,1,NCT WISH 엔시티 위시 &#39;poppop&#39; Lyrics #nctwish #poppop,nfhh-HLi7UU
2025-04-14T10:03:00Z,11517,6,NCT WISH (엔시티 위시) &#39;MELT INSIDE MY POCKET&#39; Lyrics [Color Coded Han_Rom_Eng],j3X-2LOD1t4
2025-04-14T10:01:05Z,15300,7,엔시티위시 노래모음 | The 2nd Mini Album | NCT WISH Playlist,fSqN6n6VMKc
2025-04-14T09:57:06Z,7772,23,NCT WISH(엔시티 위시) - 1000 천 Vocals only 보컬 강조 온리 화음,ZPcTHdITtQI
2025-04-14T09:56:08Z,5,0,NCT WISH 엔시티 위시 &#39;poppop MUshed #music,j3686gKWXbw
2025-04-14T09:47:54Z,5295,5,[REPLAY] 250414 NCT WISH &#39;poppop🫧&#39; COUNTDOWN LIVE,r49Nyllu3Xs
2025-04-14T09:43:18Z,3221,0,NCT WISH (NCT 위시) 2ND MINI ALBUM [POPPOP] PLAYLIST,4q2wcawpsz0
2025-04-14T09:41:53Z,19668,5,𝐅𝐮𝐥𝐥 𝐀𝐥𝐛𝐮𝐦 𝐍𝐂𝐓 𝐖𝐈𝐒𝐇(엔시티 위시) - 𝐩𝐨𝐩𝐩𝐨𝐩 전곡 듣기,UJRdqSBzw68
2025-04-14T09:39:22Z,23278,7,NCT WISH - poppop (Full Album),W-7Oi2xv0Xk
2025-04-14T09:38:29Z,4485,3,250414 NCT WISH 엔시티 위시 &#39;poppop&#39; Countdown Live Full ver.,v8vSeV2D4WU
2025-04-14T09:03:33Z,2220762,600,1000,8GCSIIzFEg8
2025-04-14T09:04:00Z,2005789,474,Melt Inside My Pocket,GIoDgHfQX6Y
2025-04-14T09:03:03Z,1612222,464,Silly Dance,QZOrObTL_V8
2025-04-14T09:04:04Z,4263809,338,poppop,sAwVsdQOogQ
2025-04-14T09:02:01Z,1178582,231,만약 네가 4시에 온다면 Still 3PM,to6dnhwZb1E
2025-04-14T09:02:47Z,1360097,322,Design,nIH8J6wkzOo
2025-04-14T09:00:20Z,8884610,10319,NCT WISH 엔시티 위시 &#39;poppop&#39; MV,LNETckymbzk
2025-04-14T08:58:52Z,2217,18,NCT WISH &#39;poppop&#39; Countdown Live - ENG SUBS [REPLAY],T1XvpfQbXkg
2025-04-14T09:00:23Z,62737,48,poppop (Sped Up),8N3rFzT1NiI
2025-04-14T08:43:43Z,2423,10,250414 NCT WISH &#39;poppop&#39; Countdown Live 위버스라이브,NQs8xJmwfMg
2025-04-14T07:00:29Z,8162,21,봄 메뉴 추천 ⚡️ NCT WISH 요정 등장 🧚🏻,Wb81NkJLHxc
2025-04-13T23:37:08Z,76986,15,[NCT WISH] 아으으 깜쨔기야🙀,TrC0gzw46Sc
2025-04-13T16:00:44Z,1699,1,NCT WISH Riku as Concert Wrecker,Urct8qP7ZvE
2025-04-13T15:41:19Z,1783,0,"NCT WISH Being Their Silly Selves….Yes, Even at KBS 😭💚 | #nct #nctwish #kbs #돌박이일 #엔시티위시 #돌박2일 #kpop",u-PWS8NiSZI
2025-04-13T15:00:25Z,2072,1,NCT WISH Ramdam ang Init ng Pinas,BrzEy3gCbUw
2025-04-13T12:12:23Z,383,4,1/3 NCT WISH LOGin: Manila in New Frontier Theater,RuClU2GAXsQ
2025-04-13T11:00:07Z,402151,1536,[SUB] EP.43-1 NCT WISH | 시청자 여러분 안녕하세요💚 신입앵커 엔시티 위시가 근황 뉴스를 전해드려요 | 돌박이일 NCT WISH 신입사원의 조건 1탄[4K],qu6UgGBwvlQ
2025-04-13T09:48:16Z,1817,0,NCT Wish - Tears Are Falling (@ Log In Tour Manila),lNr7gxJKn-M
2025-04-13T06:28:57Z,202562,8,[NCT WISH] 야...야바이다,ArDUT5gExlc
2025-04-13T02:00:54Z,22272,40,NCT WISH 리쿠랑 골드키위주스 마셔볼쿠야🥝,qrb3l12KxEY
2025-04-12T17:18:43Z,419907,39,일본어 + 전라도 사투리 #NCTWISH #시온,1ztiUu_cj2s
2025-04-12T17:00:03Z,2155,1,NCT WISH x Smoothie NCT DREAM,aONLLxJNH2g
2025-04-12T14:46:03Z,2110,0,NCT WISH members and the Filipino phrases they learned for their Manila concert,PWsjChpBf1c
2025-04-12T13:55:28Z,1031427,446,#NCTWISH ‘s #dalengdaledancechallenge #NCTWISH #LOGin #NCTWISH_LOGin #NCTWISH_ASIA_TOUR #MANILA,sSvBzPhuKvA
2025-04-12T05:01:00Z,1016,1,Journey to My 1st Press Con with NCT WISH,mWy-FO3e928
2025-04-12T03:00:45Z,7517,4,NCT WISH MULTILINGUAL PROBLEM,j-R-3hcj38w
2025-04-12T02:00:07Z,17589,40,NCT WISH 사쿠야랑 와앙 맛있는 왕메가사과유자차 TIME 🍎,6QbC7BJn3qQ
2025-04-11T15:11:30Z,233,0,"[ NCT WISH - 시온 ] 오늘 밤, 세계에서 이 사랑이 사라진다 해도",tDEP3yymduE
2025-04-11T15:00:04Z,1485798,638,NCT WISH 엔시티 위시 &#39;poppop&#39; MV Teaser,ao8byumQfzQ
2025-04-11T14:02:38Z,444358,1484,우리가 애니 속 주인공이 된다고? -ˋˏ 몰랐어 ˎˊ-  | 僕たちがアニメの主人公に? -ˋˏ 知らなかった ˎˊ- | 🫧poppop 프로덕션🫧 EP.1,8_kobz5GTDo
2025-04-11T12:30:01Z,12368,28,250410 NCT WISH의 CHAT WITH WISH Ep28 풀버전 한국어 번역본,nXUp-ixbV_g
2025-04-11T12:20:05Z,5088,13,[PRESS CONFERENCE] 20250411 NCT WISH ASIA TOUR LOG IN MANILA,NTAGru5LRlU
2025-04-11T09:00:52Z,581717,329,[Original] 쿵들짝 ː̗̀(ꙨꙨ)ː̖́ 아으으 깜쨔기야... 진짜 무서워 😭 | SUMBAKKOKJIL(숨바꼭질) NCT WISH (엔시티 위시)편 Teaser,Sl9LTprsQ2M
2025-04-11T07:00:30Z,423,1,Cute na Bata Namataan sa NCT WISH Press Con,MmJ16tjNZsI
2025-04-11T02:00:43Z,20609,55,NCT WISH 재희랑 왕메가카페라떼로 에너지 충전완료🤎,o6Wqb2KZK3g
2025-04-10T14:01:04Z,1954,2,[Highlight EP.5] &quot;NCT WISH&quot; Dance With WISH l รับน้องทะเล้น l One Playground,hqbLYMALwa4
2025-04-10T11:01:26Z,8476,9,20250406 ‘LOG in’ MACAU【Hands Up - NCT WISH SION】,iR3urYQKIMY
2025-04-10T02:00:08Z,30892,33,NCT WISH 시온이랑 블루베리요거트스무디로 에너지 UP 💟,Am6cSRGz7SQ
2025-04-09T13:00:06Z,96809,89,청량함이 pop⭐ 달콤함이 pop⭐ 엔시티 위시의 데뷔곡 &#39;WISH&#39;부터  &#39;Miracle&#39;까지 무대 몰아보기 | NCT WISH Stage Compilation,tVr9qB7vs1Q
2025-04-09T10:18:12Z,35288,125,NCT WISH-A-TEEN (원곡: 세븐틴) #aicover,PXY5gLmGUTY
2025-04-09T08:00:20Z,8004,17,[교차편집] NCT WISH (엔시티 위시) - Steady | SBS 인기가요 (SBSInkigayo)ㅣSBS ENTER.,NTaDAQwwGmE
2025-04-09T02:00:08Z,22396,44,NCT WISH 료의 MEGA 에너지 픽은? 피치푸룬주스에료💜,AUy0pbeKiq4
2025-04-08T21:25:39Z,27397,18,可愛いだけでオールOKなユウシ🎀【NCT WISH / ユウシ】《日本語字幕 / 切り抜き / まとめ》,4LaXwXVbZfY
2025-04-08T15:00:45Z,201072,877,NCT WISH 엔시티 위시 &#39;poppop&#39; Highlight Medley,VqSepY5kV6w
2025-04-08T11:02:00Z,9619,12,〔시즈니 브이로그〕  NCT WISH  NCTzen シズニ vlog 開封　unboxing  トレカ 収納,7IELxKDTb8k
2025-04-08T10:52:04Z,1496,0,NCT WISH 스테디와 나사를 이어보았다.,P5F7Xi34_KA
2025-04-08T08:15:01Z,5800,1,[▶𝐏𝐋𝐀𝐘𝐋𝐈𝐒𝐓] 2025 NCT WISH LOG in SEOUL 셋리스트 | 엔시티 위시 팬콘 ASIA TOUR 로그인 CONCERT SETLIST 플레이리스트,KLyLuuq3JYs
2025-04-08T05:34:21Z,15577,11,사쿠야 시온 시오빵즈 케미 모음 | NCT WISH,TJ5wak5DQeE
2025-04-08T02:00:39Z,72898,70,NCT WISH 유우시와 귤톡톡젤리스무디로 에너지 충전할래?🍊,sOts7rwgXNA
2025-04-07T12:01:26Z,154551,484,"긴 다리와 강한 검지만 있음🦵, 뭐든지 이길 수 있어⛵️ | 長い足と強い人差し指さえあれば, 無敵だ🥊 | poppop Arcade EP.2 | SION•YUSHI•SAKUYA",wkIuHd38eGU
2025-04-07T11:30:04Z,3164,0,NCT&#39;s Wish Ryo and Sakuya Bickering with each other,3jAehzutu_Y
2025-04-07T11:05:30Z,5666,4,NCT WISH-melt inside my pocket (MIMP) mirrored,2nHT2UEvPgQ
2025-04-07T09:18:00Z,527660,1090,[EN] 슈주는 유명한 NCT 위시 아빠임 ㅇㅇ반박 시 위시 말이 맞음 암튼 맞음😂😂 | EP.15 NCT WISH 유우시&amp;시온 | 이쪽으로올래2,Z32tNQV79dE
